{
	"iterations": 1350,
	"learning_rate": 0.016587278402388345,
	"depth": 8, "l2_leaf_reg": 4.470993129950294,
	"subsample": 0.7455661547105437,
	"random_strength": 0.6930865682636139,
	"grow_policy": "SymmetricTree"
}